<?xml version="1.0" encoding="UTF-8"?>
<!DOCTYPE mapper 
PUBLIC "-//mybatis.org//DTD Mapper 3.0//EN"
"http://mybatis.org/dtd/mybatis-3-mapper.dtd" >

<mapper namespace="com.nbp.auction.mapper.BoardMapper">

	
	<select id = "selectBoardByCategory" parameterType="String" resultType = "com.nbp.auction.domain.BoardVO">
		SELECT 
			boardId, 
			subject,
			content,
			boardInfo.userId,
			regDate,
			endDate,
			startingPrice,
			categoryName,
			status
		FROM 
			boardInfo,
			categoryInfo
		WHERE 
			boardInfo.categoryId 
			= categoryInfo.categoryId
		AND 
			categoryName 
			= ${categoryName}
	</select>
	
	
	
	<insert id="insertBoardInformation" parameterType="com.nbp.auction.domain.BoardVO">
		INSERT INTO
			boardInfo(
				subject,
				content,
				userId,
				regDate,
				endDate,
				startingPrice,
				categoryId,
				status,
				imgPath
				)
		VALUES
			(
			#{subject},
			#{content},
			#{userId},
			now(),
			#{endDate},
			#{startingPrice},
			#{categoryId},
			#{status},
			#{imgPath}
			)
	</insert>

	<select id = "selectBoardList" parameterType="com.nbp.auction.domain.ParamVO" resultType="com.nbp.auction.domain.BoardVO">
		SELECT 
			tableInfo.* 
		FROM (
			SELECT 
				@ROWNUM := @ROWNUM+1 AS ROWNUM,T.* 
			FROM (
				SELECT 
					<include refid = "getAllColumns"></include>,
					categoryName 
				FROM 
					boardInfo,
					categoryInfo
				WHERE 
					categoryInfo.categoryId = boardInfo.categoryId 
				AND 
					status > 0
			<if test='category!=0'>
				AND 
					categoryInfo.categoryId = #{category}
			</if>
			
			<if test='searchCondition=="subject"'>
				AND 
					subject LIKE CONCAT('%', #{keyword}, '%')
			</if>
			<if test='searchCondition=="userId"'>
				AND 
					userId = #{keyword}
			</if>
			<if test='searchCondition=="startingPrice"'>
				AND 
					startingPrice = #{keyword}
			</if>
				
			<if test='sortCondition == "date"'>
				ORDER BY endDate
			</if>
			<if test='sortCondition == "regDate"'>
				ORDER BY regDate DESC
			</if>	
			)T, 
			(SELECT @ROWNUM :=0) R ) tableInfo
     	WHERE 
     		ROWNUM 
     	BETWEEN 
     		#{startPage} AND #{endPage}		
	</select>
	
	<select id = "countBoard" parameterType="com.nbp.auction.domain.ParamVO" resultType="int">
		SELECT 
			COUNT(*)
		FROM 
			boardInfo,
			categoryInfo
		WHERE 
			boardInfo.categoryId = categoryInfo.categoryId 
		AND 
			status > 0
	<if test='userId!=""'>
		AND userId = #{userId}
	</if>
	<if test='category!=0'>
		AND categoryInfo.categoryId = #{category}
	</if>
	<if test='searchCondition=="subject"'>
		AND subject LIKE CONCAT('%', #{keyword}, '%')
	</if>
	<if test='searchCondition=="userId"'>
		AND userId = #{keyword}
	</if>
	<if test='searchCondition=="startingPrice"'>
		AND startingPrice = #{keyword}
	</if>
	
	</select>
	
	<select id = "selectImagePath" parameterType = "int" resultType = "String">
		SELECT
			imgPath
		FROM
			boardInfo
		WHERE
			boardId = #{boardId}
	</select>

	<select id="selectBoardByBoardId" parameterType="int" resultType="com.nbp.auction.domain.BoardVO">
		SELECT 
			<include refid='getAllColumns' />,
			categoryName
		FROM 
			boardInfo,
			categoryInfo
		WHERE 
			boardId = #{boardId} 
		AND 
			boardInfo.categoryId = categoryInfo.categoryId
	</select>

	<update id="updateBoardInformation" parameterType="com.nbp.auction.domain.BoardVO">
		UPDATE 
			boardInfo 
		SET
			subject = #{subject},
			content = #{content},
			categoryId = #{categoryId}, 
			imgPath = #{imgPath} 
		WHERE 
			boardId = #{boardId}
	</update>
	
	<update id ="updateStatus">
		UPDATE 
			boardInfo 
		SET 
			status = to_days(endDate)-to_days(now())
		WHERE
			status <![CDATA[ > ]]> 0
	</update>
	
	<delete id="deleteBoard" parameterType="int">
		UPDATE 
			boardInfo 
		SET 
			status = -1
		WHERE 
			boardId = #{boardId}
	</delete>
	
	<sql id="getAllColumns">
		boardId,
		subject,
		startingPrice,
		content,
		userId,
		regDate,
		endDate,
		imgPath,
		status
	</sql>
</mapper>