<?xml version="1.0" encoding="UTF-8"?>
<!DOCTYPE mapper 
PUBLIC "-//mybatis.org//DTD Mapper 3.0//EN"
"http://mybatis.org/dtd/mybatis-3-mapper.dtd" >
 
<mapper namespace="com.nbp.auction.mapper.ReplyMapper">
            
    <insert id="insertReplyInfo" parameterType="com.nbp.auction.domain.ReplyVO">
        INSERT INTO 
        	replyInfo(<include refid="replyInfos"></include>) 
        VALUES (
        	#{replyId}, 
        	#{boardId},
        	#{replyText},
        	#{replyWriter},
        	now(),
        	now(),
        	1
        )
    </insert>
    
    <select id="selectReplyList" parameterType="Map" resultType="com.nbp.auction.domain.ReplyVO">
		SELECT
     		tableInfo.* 
		FROM (
			SELECT
				@ROWNUM := @ROWNUM+1 AS ROWNUM,T.* 
			FROM (
				SELECT 
					<include refid="replyInfos"></include>
    			FROM 
    				replyInfo
    			WHERE
    				 boardId = #{boardId}
    			AND 
    				status = 1
    			ORDER BY
    			 	regDate DESC
			)T, 
			(SELECT @ROWNUM :=0) 
			R 
		) tableInfo
     	WHERE 
     		ROWNUM 
     	BETWEEN 
     		#{start} AND #{end}
   
    </select>
   
    <select id="count" resultType="int" parameterType = "int">
    	SELECT 
    		COUNT(*) 
    	FROM 
    		replyInfo 
    	WHERE 
    		boardId = #{boardId}
    	AND
    		status = 1;
    </select>
    
     <!-- 3. 댓글 상세보기 -->
    <select id="detailReply" resultType="com.nbp.auction.domain.ReplyVO">
        SELECT 
        	<include refid="replyInfos"></include> 
        FROM 
        	replyInfo
        WHERE 
        	replyId = #{replyId}
    </select>
    
    <!-- 4. 댓글 수정 -->
    <update id="updateReply">
        UPDATE 
        	replyInfo 
        SET 
        	replyText = #{replyText}
        WHERE 
        	replyId = #{replyId}
        AND
        	status = 1
    </update>
    
    <!-- 5. 댓글 삭제 -->
    <update id="deleteReply">
        UPDATE  
  			replyInfo
  		SET
  			status = 0
        WHERE 
        	replyId = #{replyId}
    </update>
    
    <sql id="replyInfos">
    	replyId, 
    	replyInfo.boardId, 
    	replyText, 
    	replyWriter, 
    	regDate, 
    	updateDate,
    	status
    </sql>
</mapper>