<?xml version="1.0" encoding="UTF-8"?>
<!DOCTYPE mapper 
PUBLIC "-//mybatis.org//DTD Mapper 3.0//EN"
"http://mybatis.org/dtd/mybatis-3-mapper.dtd" >
 
<mapper namespace="com.nbp.auction.mapper.TenderMapper">

	<insert id = "insertTenderInfo" parameterType = "com.nbp.auction.domain.TenderVO">
		INSERT INTO 
			tenderInfo 
		VALUES(
			#{userId},
			#{boardId},
			#{tenderPrice},
			#{writer}, 
			2
		)
	</insert>	
	
	<select id = "selectTenderListByUserId" parameterType = "String" resultType = "com.nbp.auction.domain.TenderVO">
		SELECT
			<include refid = "allColumn"></include>, 
			subject
		FROM 
			tenderInfo,
			boardInfo
		WHERE
			tenderInfo.userId = #{userId}
		AND
			tenderInfo.boardId = boardInfo.boardId
	</select>
	
	<select id="selectFinishAuction" resultType = "com.nbp.auction.domain.TenderVO">
		<include refid = "getEndAuction">
		</include>
	</select>
	
	<select id="selectWinnerList" resultType = "com.nbp.auction.domain.TenderVO">
		<include refid = "getEndAuction">
		</include>
		AND
			tenderPrice in (
				SELECT
					max(tenderPrice)
				FROM
					tenderInfo
				GROUP BY
					tenderInfo.boardId
			)
		
		
	</select>
	
	<select id = "getUserCoin" parameterType="String" resultType ="int">
		SELECT 
			coinAmount
		FROM 
			userInfo
		WHERE 
			userId = #{userId}
	</select>
	
	<select id = "selectTenderInfoById" parameterType = "int" resultType="com.nbp.auction.domain.TenderVO">
		SELECT
			<include refid = "allColumn"></include>
		FROM
			tenderInfo
		WHERE
			boardId = #{boardId}
		AND
			status = 2
	</select>
	
	
	<select id = "selectHighestTenderList" parameterType = "int" resultType="com.nbp.auction.domain.TenderVO">
		SELECT
			 <include refid = "allColumn"></include>
		FROM 
			tenderInfo
		WHERE 
			boardId = #{boardId} 
		AND 
			tenderPrice = (<include refid = "getMaxPrice"></include> WHERE boardId = #{boardId})
		AND
			status = 2
	</select>
	
	<select id="selectParticipate" resultType="int" parameterType = "com.nbp.auction.domain.TenderVO">
		SELECT 
			count(*) 
		FROM 
			tenderInfo 
		WHERE 
			boardId = #{boardId} 
		AND
			 userId = #{userId}
		AND
			status = 2
	</select>
	
    <select id="selectTenderPrice" resultType="int" parameterType = "com.nbp.auction.domain.TenderVO">
		SELECT 
			tenderPrice 
		FROM 
			tenderInfo 
		WHERE 
			boardId = #{boardId} 
		AND 
			userId = #{userId}
	</select>
	
	
	<update id="updateUserCoin" parameterType="Map">
		UPDATE 
			userInfo 
		SET 
			coinAmount = coinAmount + #{updateCoin} 
		WHERE 
			userId = #{userId}
	</update>

	
	<update id = "updateTenderInfo" parameterType = "com.nbp.auction.domain.TenderVO">
		UPDATE 
			tenderInfo 
		SET 
			tenderPrice = #{tenderPrice},
			status = #{status} 
		WHERE 
			userId = #{userId} 
		AND boardId = #{boardId}
	</update>
	
	<sql id = "getMaxPrice">
		SELECT 
			max(tenderPrice) 
		FROM 
			tenderInfo
	</sql>
	
	<sql id = "allColumn">
		tenderInfo.userId, 
		tenderInfo.boardId, 
		tenderInfo.tenderPrice, 
		tenderInfo.writer, 
		tenderInfo.status
	</sql>
	
	
	<sql id = "getEndAuction">
		SELECT
			tenderInfo.userId, 
			tenderInfo.boardId, 
			tenderInfo.tenderPrice, 
			tenderInfo.writer
		FROM
		 	tenderInfo,
		 	(
		 	 SELECT
		 		boardId,status
		 	 FROM	
		 	 	boardInfo
		 	 WHERE	
		 	 	status=0	
		 	 ) f
		WHERE 
			f.boardId = tenderInfo.boardId
		AND
			tenderInfo.status = 2
	</sql>
</mapper>